101375758;mothernaturenet;nrdc;epa;
549527033;mothernaturenet;nrdc;epa;
2213998250;mothernaturenet;nature_org;nrdc;epa;
1901908388;nature_org;nrdc;greenpeace;
449969660;mothernaturenet;greenbiz;nrdc;
1582243578;mothernaturenet;nature_org;nrdc;greenpeace;epa;
1881220219;mothernaturenet;greenbiz;nrdc;
1876049815;mothernaturenet;nature_org;nrdc;
878619170;mothernaturenet;nature_org;nrdc;greenpeace;
1961445972;nature_org;nrdc;epa;
319445363;mothernaturenet;greenbiz;nature_org;nrdc;
1677557666;nature_org;nrdc;epa;
2231137650;mothernaturenet;nature_org;nrdc;greenpeace;
2219718829;mothernaturenet;nature_org;greenpeace;
284653900;nature_org;nrdc;epa;
2178119702;mothernaturenet;nrdc;epa;
2188562652;mothernaturenet;nrdc;epa;
157681986;mothernaturenet;nrdc;epa;
1398574051;mothernaturenet;nrdc;epa;
2165443459;mothernaturenet;greenbiz;nature_org;nrdc;
995667566;nature_org;nrdc;greenpeace;epa;
320377129;mothernaturenet;nature_org;nrdc;
2223482220;mothernaturenet;nature_org;greenpeace;
198852605;mothernaturenet;nature_org;nrdc;
2172452983;mothernaturenet;greenbiz;nrdc;
2182022466;mothernaturenet;greenbiz;nrdc;
135464220;mothernaturenet;nrdc;epa;
2211276020;mothernaturenet;nature_org;nrdc;
2180629944;nature_org;greenpeace;epa;
2167384664;mothernaturenet;nature_org;nrdc;greenpeace;
2231390016;nrdc;greenpeace;epa;
804418014;mothernaturenet;greenbiz;nrdc;
29659490;nature_org;nrdc;epa;
2153210654;greenbiz;nature_org;nrdc;
104883780;mothernaturenet;nrdc;epa;
2189342688;mothernaturenet;greenbiz;nrdc;
2149293631;greenbiz;nrdc;epa;
173082288;mothernaturenet;nature_org;nrdc;
2230199438;nature_org;nrdc;greenpeace;epa;
105751260;mothernaturenet;nrdc;epa;
1886838235;africanconserve;nrdc;epa;
412888251;mothernaturenet;nature_org;nrdc;
82808756;mothernaturenet;wwf;nature_org;greenpeace;
517312398;mothernaturenet;nrdc;epa;
2236079874;mothernaturenet;nature_org;nrdc;greenpeace;
2222486911;mothernaturenet;greenbiz;nature_org;nrdc;
731583829;africanconserve;nature_org;greenpeace;
2215282826;mothernaturenet;nature_org;nrdc;epa;
2150916558;mothernaturenet;greenbiz;nrdc;
403578480;wwf;nature_org;greenpeace;
1588428073;wwf;nature_org;greenpeace;
351504427;mothernaturenet;africanconserve;nrdc;
931206895;mothernaturenet;nature_org;nrdc;
2207810332;nature_org;nrdc;greenpeace;
276173862;mothernaturenet;nature_org;nrdc;
2192638874;nature_org;nrdc;greenpeace;
1397583475;mothernaturenet;nature_org;nrdc;
2225817728;nature_org;nrdc;greenpeace;epa;
233610215;mothernaturenet;greenbiz;nrdc;
538612419;mothernaturenet;greenbiz;epa;
15142954;nature_org;nrdc;epa;
985874666;mothernaturenet;africanconserve;nature_org;nrdc;
1226031631;mothernaturenet;greenbiz;nrdc;epa;
1552805881;mothernaturenet;nature_org;nrdc;
458607881;nature_org;nrdc;epa;
1228458498;mothernaturenet;greenbiz;landintegrity;
565915575;mothernaturenet;greenbiz;africanconserve;nrdc;
924713869;mothernaturenet;nature_org;nrdc;greenpeace;epa;
141641562;wwf;nature_org;greenpeace;
1699268850;mothernaturenet;nature_org;nrdc;epa;
2226989840;mothernaturenet;nature_org;nrdc;epa;
2223787885;mothernaturenet;nature_org;nrdc;
596954488;nature_org;nrdc;epa;
2194861682;wwf;nature_org;greenpeace;
503993693;nature_org;nrdc;epa;
2210938595;africanconserve;nature_org;greenpeace;
151764174;mothernaturenet;greenbiz;nature_org;nrdc;greenpeace;
2227399262;nature_org;nrdc;epa;
751883791;mothernaturenet;greenbiz;nrdc;
1187332021;mothernaturenet;nature_org;greenpeace;
1289456059;greenbiz;nrdc;epa;
1897955088;nature_org;nrdc;epa;
190542456;nature_org;nrdc;greenpeace;
319793701;nature_org;nrdc;greenpeace;epa;
1143704911;greenbiz;nature_org;nrdc;
2216454084;nature_org;nrdc;epa;
52500012;mothernaturenet;africanconserve;nature_org;greenpeace;
2201901512;greenbiz;nrdc;epa;
1553999900;mothernaturenet;greenbiz;nature_org;
299000084;mothernaturenet;greenbiz;nature_org;
2227117736;mothernaturenet;nature_org;nrdc;greenpeace;epa;
2182057073;mothernaturenet;nrdc;epa;
1454394414;mothernaturenet;greenbiz;nrdc;epa;
1441499826;mothernaturenet;greenpeace;epa;
1202539404;mothernaturenet;greenbiz;nrdc;
2209638102;nature_org;nrdc;greenpeace;
313816341;wwf;nature_org;greenpeace;
578799965;mothernaturenet;nrdc;epa;
884365488;greenbiz;nature_org;greenpeace;
1886865828;mothernaturenet;nature_org;nrdc;greenpeace;epa;
1889022974;nature_org;nrdc;epa;
2202314286;mothernaturenet;nrdc;epa;
581768430;nature_org;nrdc;epa;
448619769;mothernaturenet;nature_org;nrdc;epa;
150604262;mothernaturenet;nature_org;greenpeace;
268392214;nature_org;nrdc;greenpeace;
113843064;mothernaturenet;greenbiz;nrdc;
1451103259;mothernaturenet;greenbiz;nrdc;
1297234795;mothernaturenet;wwf;nature_org;greenpeace;
1915293847;greenbiz;nrdc;epa;
66660205;mothernaturenet;greenbiz;nature_org;nrdc;greenpeace;
1552189202;mothernaturenet;nature_org;nrdc;greenpeace;
2202632192;mothernaturenet;nature_org;greenpeace;epa;
99082137;mothernaturenet;nrdc;epa;
2198082666;mothernaturenet;greenbiz;nrdc;epa;
244754326;greenbiz;nrdc;epa;
1932621048;nature_org;nrdc;epa;
1961115684;mothernaturenet;nature_org;nrdc;
1958496672;mothernaturenet;nature_org;nrdc;
2212002728;mothernaturenet;nature_org;greenpeace;epa;
562482565;mothernaturenet;nature_org;nrdc;
2231961270;mothernaturenet;nature_org;nrdc;
2214659063;mothernaturenet;wwf;nature_org;greenpeace;
1661048311;greenbiz;nature_org;nrdc;
116565176;mothernaturenet;nature_org;nrdc;epa;
383830681;greenbiz;nrdc;epa;
1025960378;mothernaturenet;wwf;africanconserve;nature_org;nrdc;
2233842708;mothernaturenet;nature_org;nrdc;greenpeace;
191502181;mothernaturenet;greenbiz;nrdc;
2183901071;nature_org;nrdc;greenpeace;epa;
857227110;mothernaturenet;nrdc;epa;
104114157;africanconserve;nature_org;nrdc;
1101862344;nature_org;nrdc;epa;
267813460;greenbiz;nature_org;nrdc;
2230653366;mothernaturenet;nature_org;nrdc;greenpeace;epa;
1829656208;mothernaturenet;greenbiz;nrdc;epa;
1140120678;africanconserve;nature_org;greenpeace;
2225487308;greenbiz;nature_org;epa;
1277993125;mothernaturenet;greenbiz;nrdc;
470505645;nature_org;nrdc;epa;
1855658503;mothernaturenet;nature_org;greenpeace;
1142021582;mothernaturenet;greenbiz;nrdc;
2209315868;mothernaturenet;nature_org;nrdc;
62891428;nature_org;nrdc;epa;
69228382;nature_org;greenpeace;epa;
2202795756;mothernaturenet;greenbiz;nrdc;
246932157;wwf;greenpeace;epa;
157069945;nature_org;nrdc;epa;
2233593043;mothernaturenet;nature_org;greenpeace;
162608757;mothernaturenet;nature_org;nrdc;greenpeace;
2166980184;mothernaturenet;nature_org;nrdc;greenpeace;
814948225;mothernaturenet;nature_org;nrdc;
2183356129;mothernaturenet;nrdc;epa;
781124876;mothernaturenet;greenbiz;nrdc;
1941165368;nature_org;greenpeace;epa;
2204218117;greenbiz;nrdc;epa;
2233292875;greenbiz;nature_org;nrdc;
2198833064;mothernaturenet;greenbiz;nrdc;
2226414685;mothernaturenet;greenbiz;nature_org;nrdc;
1628824477;mothernaturenet;nature_org;nrdc;epa;
2232574309;nature_org;nrdc;greenpeace;
2218946790;nature_org;nrdc;epa;
2219016379;mothernaturenet;nature_org;nrdc;
1863596370;mothernaturenet;greenbiz;nature_org;
941245082;nature_org;nrdc;epa;
2201205266;nature_org;greenpeace;epa;
2185512269;mothernaturenet;nrdc;epa;
2211491064;mothernaturenet;nature_org;epa;
2209158258;mothernaturenet;nature_org;nrdc;
2205846636;mothernaturenet;nrdc;epa;
550759238;mothernaturenet;nature_org;nrdc;epa;
72609999;nature_org;nrdc;greenpeace;epa;
2149342271;mothernaturenet;nature_org;nrdc;
380515838;wwf;nature_org;greenpeace;
2229827352;mothernaturenet;nrdc;greenpeace;
35803593;greenbiz;landintegrity;nrdc;
2229250188;mothernaturenet;nrdc;greenpeace;
15986406;mothernaturenet;nature_org;nrdc;greenpeace;
1195303380;mothernaturenet;greenbiz;nrdc;
306569118;mothernaturenet;greenbiz;nrdc;
2167380877;mothernaturenet;greenbiz;epa;
2187233760;mothernaturenet;nrdc;epa;
29284205;mothernaturenet;greenbiz;nrdc;epa;
353118279;nature_org;nrdc;epa;
215619446;nature_org;nrdc;epa;
545656571;nature_org;nrdc;greenpeace;epa;
482137762;nature_org;nrdc;epa;
2198414276;mothernaturenet;nrdc;epa;
30513433;mothernaturenet;nature_org;nrdc;
297485647;mothernaturenet;nature_org;epa;
773802420;nature_org;nrdc;greenpeace;
2207650820;mothernaturenet;nature_org;nrdc;epa;
502071111;mothernaturenet;greenbiz;nrdc;epa;
572243238;greenbiz;nrdc;greenpeace;
2236313772;wwf;nature_org;nrdc;greenpeace;epa;
1512707479;mothernaturenet;nature_org;nrdc;
92701062;mothernaturenet;nrdc;epa;
871799612;mothernaturenet;nature_org;nrdc;
819480398;mothernaturenet;nature_org;nrdc;
2190320492;mothernaturenet;greenbiz;nrdc;epa;
2228572177;mothernaturenet;nature_org;greenpeace;
2198760211;mothernaturenet;nrdc;epa;
1668995838;mothernaturenet;nature_org;greenpeace;epa;
18453429;mothernaturenet;nature_org;nrdc;
2226560556;mothernaturenet;africanconserve;nature_org;
340212818;mothernaturenet;nature_org;nrdc;
2217857250;mothernaturenet;nature_org;nrdc;epa;
406045992;nature_org;greenpeace;epa;
2207627149;nature_org;nrdc;epa;
417927248;greenbiz;nrdc;epa;
1966099406;mothernaturenet;nature_org;nrdc;epa;
30081218;mothernaturenet;nrdc;greenpeace;
2215565005;nature_org;nrdc;epa;
1978991959;mothernaturenet;greenbiz;landintegrity;nrdc;
1552523178;mothernaturenet;nrdc;epa;
2178599863;mothernaturenet;greenbiz;nrdc;
2195610026;mothernaturenet;nrdc;epa;
38164512;mothernaturenet;nature_org;epa;
1057435483;mothernaturenet;greenbiz;nrdc;
2216741654;mothernaturenet;nature_org;nrdc;
591651693;mothernaturenet;greenbiz;nrdc;greenpeace;
2169066367;mothernaturenet;greenbiz;nrdc;
2154578210;mothernaturenet;nature_org;nrdc;epa;
947885252;mothernaturenet;nature_org;nrdc;greenpeace;epa;
549490088;mothernaturenet;greenbiz;nrdc;epa;
284343487;mothernaturenet;nature_org;nrdc;
1567786729;nature_org;nrdc;greenpeace;epa;
2221974162;nature_org;nrdc;epa;
614755626;africanconserve;nature_org;nrdc;
2174376979;nature_org;nrdc;greenpeace;
1934193512;mothernaturenet;nature_org;nrdc;
2223374978;mothernaturenet;greenbiz;landintegrity;nature_org;nrdc;
2230004965;mothernaturenet;nature_org;nrdc;greenpeace;
154506228;greenbiz;nature_org;nrdc;
2233638908;mothernaturenet;nature_org;nrdc;greenpeace;
2230273328;wwf;nature_org;greenpeace;
2213496988;mothernaturenet;greenbiz;nature_org;nrdc;greenpeace;
2155615616;mothernaturenet;nrdc;epa;
37846549;greenbiz;nrdc;epa;
2214374755;mothernaturenet;greenbiz;nature_org;greenpeace;
15963678;mothernaturenet;nature_org;nrdc;
2221986870;greenbiz;wwf;nature_org;
631353798;mothernaturenet;greenbiz;nrdc;epa;
1466473716;mothernaturenet;nature_org;nrdc;epa;
2181347575;mothernaturenet;greenbiz;nrdc;
2206852604;mothernaturenet;greenbiz;nrdc;
567183565;mothernaturenet;africanconserve;nrdc;
2164253808;greenbiz;nrdc;epa;
97424523;mothernaturenet;nature_org;nrdc;
1165879729;mothernaturenet;nature_org;nrdc;epa;
31105770;nature_org;nrdc;greenpeace;
2216581178;mothernaturenet;greenbiz;nature_org;nrdc;greenpeace;epa;
2217509611;mothernaturenet;greenbiz;nature_org;
2205361286;mothernaturenet;greenbiz;nrdc;
2221766965;mothernaturenet;nature_org;nrdc;
2195044472;mothernaturenet;greenbiz;nrdc;epa;
98176831;mothernaturenet;nature_org;greenpeace;
148043584;greenbiz;nrdc;epa;
14559890;africanconserve;nature_org;nrdc;greenpeace;
2148661860;mothernaturenet;nrdc;epa;
2229330775;nature_org;nrdc;greenpeace;epa;
2196592614;mothernaturenet;greenbiz;nrdc;epa;
159505874;mothernaturenet;greenbiz;nature_org;
1601871517;nature_org;nrdc;greenpeace;epa;
17663895;mothernaturenet;nrdc;epa;
18585652;mothernaturenet;greenbiz;nrdc;
2194379418;greenbiz;nature_org;epa;
1488523670;greenbiz;nrdc;epa;
40967665;mothernaturenet;nrdc;epa;
1951777788;nature_org;nrdc;epa;
174520017;mothernaturenet;greenbiz;nrdc;epa;
255797769;greenbiz;nature_org;nrdc;epa;
2168285522;mothernaturenet;greenbiz;nrdc;
634401338;mothernaturenet;nature_org;nrdc;
2177094966;mothernaturenet;greenbiz;nrdc;
1192028630;greenbiz;nrdc;epa;
1969646707;mothernaturenet;greenbiz;nrdc;epa;
1901381731;mothernaturenet;greenbiz;nrdc;
34952890;mothernaturenet;nrdc;epa;
1528164594;mothernaturenet;landintegrity;nature_org;
15694383;mothernaturenet;greenbiz;epa;
2193209676;mothernaturenet;nrdc;epa;
925871036;nature_org;nrdc;greenpeace;
71728380;mothernaturenet;greenbiz;nrdc;
2174566459;mothernaturenet;nrdc;epa;
282189177;mothernaturenet;greenbiz;nrdc;
1946290314;mothernaturenet;africanconserve;nrdc;
300171677;mothernaturenet;greenbiz;nrdc;epa;
1339834494;mothernaturenet;nature_org;nrdc;epa;
17869302;mothernaturenet;greenbiz;nature_org;nrdc;epa;
801031176;mothernaturenet;nature_org;nrdc;greenpeace;epa;
196795604;mothernaturenet;africanconserve;nrdc;
2218662638;mothernaturenet;nature_org;nrdc;
72617228;mothernaturenet;nature_org;nrdc;
722242838;mothernaturenet;nrdc;epa;
413133171;mothernaturenet;greenbiz;nrdc;epa;
2226655537;mothernaturenet;landintegrity;nature_org;nrdc;
1088267438;mothernaturenet;greenbiz;africanconserve;nature_org;nrdc;
2231786252;nature_org;nrdc;greenpeace;
365187971;mothernaturenet;nature_org;epa;
2216298475;mothernaturenet;nature_org;nrdc;greenpeace;
550586435;mothernaturenet;greenbiz;nrdc;epa;
956119584;mothernaturenet;nature_org;nrdc;epa;
429969012;mothernaturenet;greenbiz;nrdc;
117854570;greenbiz;nature_org;epa;
588572567;mothernaturenet;greenbiz;nrdc;
1852747986;nature_org;nrdc;greenpeace;
324948822;mothernaturenet;greenbiz;nrdc;epa;
1947178908;mothernaturenet;africanconserve;nrdc;
85828981;mothernaturenet;greenbiz;nrdc;
2163426096;mothernaturenet;nrdc;epa;
174885020;mothernaturenet;nrdc;epa;
2203447976;mothernaturenet;greenbiz;nrdc;
1682807246;nature_org;greenpeace;epa;
2215420988;mothernaturenet;greenbiz;nature_org;nrdc;epa;
1538903714;mothernaturenet;greenbiz;nrdc;epa;
431446228;mothernaturenet;nature_org;nrdc;
2230273860;mothernaturenet;nature_org;nrdc;greenpeace;
473372431;nature_org;nrdc;epa;
2190881372;mothernaturenet;greenbiz;nature_org;
1547644291;mothernaturenet;nrdc;epa;
137780560;mothernaturenet;nature_org;nrdc;
262529007;mothernaturenet;nature_org;nrdc;epa;
1880193691;mothernaturenet;greenbiz;nrdc;
37938743;mothernaturenet;greenbiz;nature_org;
1597084310;mothernaturenet;nature_org;nrdc;
856264970;mothernaturenet;greenbiz;nrdc;
2192277319;wwf;nature_org;greenpeace;
2216655116;nature_org;nrdc;epa;
1735180160;mothernaturenet;nature_org;nrdc;greenpeace;
1413901260;mothernaturenet;nature_org;nrdc;
1078549772;mothernaturenet;nrdc;epa;
1924261680;mothernaturenet;greenbiz;nrdc;
257499759;mothernaturenet;greenbiz;nrdc;
1976816840;nature_org;nrdc;epa;
358986649;mothernaturenet;nature_org;nrdc;greenpeace;
51151110;mothernaturenet;nrdc;epa;
19883704;mothernaturenet;nrdc;epa;
477990026;mothernaturenet;greenbiz;nrdc;
1577216371;mothernaturenet;greenbiz;nrdc;
2159432274;mothernaturenet;nature_org;nrdc;epa;
51043792;mothernaturenet;greenbiz;nature_org;greenpeace;
844751208;nature_org;nrdc;greenpeace;
2177763420;mothernaturenet;greenbiz;nrdc;
1855611362;nature_org;nrdc;epa;
2232000128;nature_org;nrdc;greenpeace;epa;
726746623;wwf;nature_org;greenpeace;
206099005;mothernaturenet;greenbiz;nrdc;
2200984149;nature_org;nrdc;epa;
2195421254;mothernaturenet;greenbiz;nrdc;epa;
575756492;mothernaturenet;greenbiz;nature_org;
1245294889;mothernaturenet;greenbiz;nrdc;
960641526;mothernaturenet;nature_org;nrdc;epa;
988097510;mothernaturenet;greenbiz;nature_org;nrdc;epa;
2214665695;mothernaturenet;nature_org;epa;
97992146;mothernaturenet;nrdc;epa;
2217044028;nature_org;nrdc;greenpeace;
168292732;greenbiz;landintegrity;epa;
370941367;mothernaturenet;nature_org;nrdc;
2230987086;mothernaturenet;nature_org;nrdc;greenpeace;epa;
2213487857;wwf;nature_org;greenpeace;
2229233256;mothernaturenet;nature_org;greenpeace;
53770592;mothernaturenet;nrdc;epa;
1129779817;nature_org;nrdc;greenpeace;
1477142480;mothernaturenet;nature_org;nrdc;epa;
1021284132;nature_org;nrdc;epa;
1626635528;mothernaturenet;nrdc;epa;
1951312111;mothernaturenet;nrdc;epa;
73271289;mothernaturenet;greenbiz;nature_org;nrdc;epa;
524397606;greenbiz;nrdc;greenpeace;
2202201751;mothernaturenet;nrdc;epa;
1935183806;mothernaturenet;greenbiz;epa;
2235151969;nature_org;nrdc;greenpeace;
2184958094;mothernaturenet;greenbiz;nrdc;epa;
17974921;mothernaturenet;nrdc;epa;
2201169234;mothernaturenet;nature_org;nrdc;greenpeace;
391688767;mothernaturenet;nrdc;epa;
2224381681;nature_org;nrdc;epa;
2178615560;mothernaturenet;nrdc;epa;
188478777;greenbiz;nature_org;nrdc;greenpeace;epa;
1962254838;mothernaturenet;greenbiz;nrdc;
2233458948;mothernaturenet;nature_org;nrdc;greenpeace;
241876350;mothernaturenet;nature_org;nrdc;
344203088;nature_org;nrdc;greenpeace;
2157666392;mothernaturenet;nrdc;epa;
2233308596;nature_org;greenpeace;epa;
1454640872;nature_org;nrdc;greenpeace;epa;
1716429744;mothernaturenet;nature_org;nrdc;greenpeace;epa;
2207663335;mothernaturenet;greenbiz;nrdc;
2234294436;nature_org;nrdc;greenpeace;
2203741520;mothernaturenet;nrdc;epa;
16525237;mothernaturenet;greenbiz;nature_org;nrdc;
935472488;mothernaturenet;nrdc;epa;
2196762822;mothernaturenet;nature_org;nrdc;greenpeace;epa;
2204129442;mothernaturenet;nrdc;epa;
2222995268;nature_org;nrdc;epa;
41073710;mothernaturenet;nrdc;epa;
16545041;mothernaturenet;greenbiz;nature_org;nrdc;greenpeace;
2228275135;nature_org;nrdc;greenpeace;
24926512;nature_org;greenpeace;epa;
438338125;mothernaturenet;greenbiz;nature_org;nrdc;epa;
2153570917;mothernaturenet;nature_org;nrdc;
392586873;mothernaturenet;nrdc;epa;
1341625550;mothernaturenet;nature_org;nrdc;epa;
1138788271;mothernaturenet;nature_org;nrdc;
266088832;mothernaturenet;greenbiz;nrdc;
2225791730;mothernaturenet;nature_org;epa;
1719750463;greenbiz;nature_org;nrdc;epa;
2223483194;mothernaturenet;nature_org;nrdc;
1029312055;mothernaturenet;nature_org;greenpeace;
2216311614;mothernaturenet;greenbiz;nature_org;nrdc;
1690317050;mothernaturenet;nature_org;nrdc;
2206214000;mothernaturenet;nrdc;epa;
1289639466;mothernaturenet;nature_org;nrdc;greenpeace;
1253369892;nature_org;nrdc;epa;
2193402890;greenbiz;africanconserve;nrdc;epa;
2211337586;nature_org;nrdc;epa;
189163016;mothernaturenet;greenbiz;nrdc;
2217906722;mothernaturenet;nature_org;nrdc;epa;
840565154;mothernaturenet;nature_org;nrdc;
2166375315;mothernaturenet;nature_org;nrdc;greenpeace;
2171052127;mothernaturenet;africanconserve;nrdc;
19720642;nature_org;nrdc;greenpeace;
976531524;mothernaturenet;greenbiz;nrdc;
2206788085;mothernaturenet;africanconserve;nrdc;epa;
1356876337;nature_org;nrdc;epa;
2222425748;mothernaturenet;greenbiz;nature_org;nrdc;
1474937508;mothernaturenet;nature_org;nrdc;greenpeace;epa;
38139239;mothernaturenet;nrdc;epa;
2151375000;mothernaturenet;greenbiz;epa;
1929779810;nature_org;nrdc;epa;
2195651082;nature_org;greenpeace;epa;
2192687010;mothernaturenet;nature_org;nrdc;epa;
2220039942;mothernaturenet;nature_org;nrdc;
2155393634;mothernaturenet;nature_org;nrdc;
565294918;mothernaturenet;nature_org;nrdc;epa;
1686733615;greenbiz;nrdc;epa;
1969590229;mothernaturenet;nature_org;nrdc;greenpeace;
736749998;nature_org;nrdc;epa;
2213160769;mothernaturenet;greenbiz;nrdc;
261430212;nature_org;nrdc;greenpeace;
2158930621;mothernaturenet;greenbiz;nrdc;
2176320925;greenbiz;nrdc;epa;
590924001;nature_org;nrdc;greenpeace;
1911941342;greenbiz;nrdc;epa;
2233249532;greenbiz;nature_org;greenpeace;epa;
2224908469;mothernaturenet;nature_org;nrdc;epa;
289935830;mothernaturenet;nrdc;epa;
1876082402;mothernaturenet;nrdc;epa;
1948977722;greenbiz;nature_org;nrdc;
360641551;nature_org;nrdc;greenpeace;epa;
2218308780;mothernaturenet;nature_org;nrdc;epa;
906673412;mothernaturenet;greenbiz;nrdc;
443934646;africanconserve;nature_org;nrdc;
1671264649;mothernaturenet;greenbiz;nrdc;
2197131660;mothernaturenet;nrdc;epa;
277949260;mothernaturenet;greenbiz;nrdc;
127964581;mothernaturenet;nature_org;nrdc;greenpeace;
266317361;africanconserve;landintegrity;nrdc;epa;
2191871666;mothernaturenet;greenbiz;nrdc;
213423041;greenbiz;nrdc;epa;
2232038606;nature_org;nrdc;greenpeace;epa;
2232436344;nature_org;nrdc;greenpeace;
1669783357;mothernaturenet;nature_org;nrdc;
2194289696;mothernaturenet;greenbiz;nrdc;epa;
2231556931;nature_org;greenpeace;epa;
296506214;nature_org;nrdc;epa;
139885724;mothernaturenet;nature_org;greenpeace;
403678507;mothernaturenet;nature_org;nrdc;greenpeace;
70908123;mothernaturenet;greenbiz;epa;
18164843;mothernaturenet;nrdc;epa;
1861286209;mothernaturenet;nature_org;nrdc;epa;
1658442451;nature_org;greenpeace;epa;
518986785;mothernaturenet;greenbiz;nrdc;
1049360886;mothernaturenet;greenbiz;landintegrity;nature_org;
555891403;nrdc;greenpeace;epa;
2150571504;mothernaturenet;greenbiz;nrdc;
833634210;mothernaturenet;nature_org;nrdc;
1599859849;greenbiz;nature_org;nrdc;greenpeace;
154460258;mothernaturenet;greenbiz;africanconserve;
286770429;nature_org;nrdc;epa;
357886743;mothernaturenet;nrdc;epa;
739029788;nature_org;nrdc;epa;
106546420;mothernaturenet;nrdc;epa;
272339612;mothernaturenet;nature_org;greenpeace;
2192362761;nature_org;nrdc;epa;
751376574;mothernaturenet;wwf;nature_org;greenpeace;
1301212352;mothernaturenet;greenbiz;nrdc;
1397982656;mothernaturenet;africanconserve;nrdc;
1480767296;mothernaturenet;greenbiz;epa;
832871270;mothernaturenet;greenbiz;nrdc;epa;
2235265375;nature_org;nrdc;greenpeace;epa;
1593835988;mothernaturenet;greenbiz;nrdc;
1330666632;mothernaturenet;greenbiz;nrdc;epa;
33802346;mothernaturenet;nature_org;nrdc;epa;
328417417;mothernaturenet;nrdc;epa;
2231907427;wwf;nature_org;greenpeace;
420801326;mothernaturenet;nature_org;greenpeace;
8890502;nature_org;nrdc;epa;
1914198140;mothernaturenet;greenbiz;nrdc;
2196483690;landintegrity;nrdc;epa;
2192604595;mothernaturenet;nrdc;epa;
1180314254;mothernaturenet;greenbiz;nrdc;
1377739554;greenbiz;nrdc;epa;
50546433;mothernaturenet;nature_org;nrdc;greenpeace;
189299282;africanconserve;greenpeace;epa;
176281701;mothernaturenet;nature_org;nrdc;
464399601;mothernaturenet;greenbiz;nrdc;
2217481376;mothernaturenet;nature_org;nrdc;
136379841;mothernaturenet;greenbiz;nature_org;nrdc;epa;
2190282575;mothernaturenet;greenbiz;nature_org;nrdc;
2231691000;nature_org;nrdc;greenpeace;
363657298;mothernaturenet;nature_org;nrdc;
1535236296;mothernaturenet;nature_org;epa;
2236667918;wwf;greenpeace;epa;
797425135;nature_org;nrdc;epa;
428145598;nature_org;nrdc;epa;
543177628;mothernaturenet;africanconserve;nature_org;nrdc;greenpeace;
2227518972;mothernaturenet;nature_org;nrdc;epa;
2159795977;mothernaturenet;nature_org;nrdc;
113693682;mothernaturenet;nrdc;epa;
2227671859;mothernaturenet;nature_org;nrdc;epa;
28224598;mothernaturenet;greenbiz;epa;
1963119859;mothernaturenet;greenbiz;nrdc;
2161795843;mothernaturenet;nrdc;epa;
52172571;nature_org;nrdc;greenpeace;epa;
1382536908;mothernaturenet;nature_org;nrdc;
49592867;mothernaturenet;greenbiz;nrdc;
2225685110;wwf;nature_org;greenpeace;
402739097;mothernaturenet;landintegrity;nrdc;
1524836340;mothernaturenet;greenbiz;landintegrity;nrdc;epa;
286775492;mothernaturenet;greenbiz;nrdc;
1678340220;greenbiz;landintegrity;nrdc;
494522880;nature_org;nrdc;greenpeace;
253284391;mothernaturenet;greenbiz;nrdc;
1573108560;mothernaturenet;nature_org;nrdc;
300296411;wwf;nature_org;greenpeace;
247904005;mothernaturenet;nature_org;nrdc;
2191673306;mothernaturenet;nature_org;nrdc;
2221910648;mothernaturenet;nature_org;nrdc;
79077114;greenbiz;africanconserve;nrdc;
800278614;mothernaturenet;nature_org;nrdc;epa;
2219637788;nature_org;nrdc;greenpeace;epa;
340203067;mothernaturenet;greenbiz;nrdc;
763140955;mothernaturenet;greenbiz;nrdc;
2198416483;mothernaturenet;greenbiz;nrdc;
1892568846;mothernaturenet;nature_org;epa;
1870534934;nature_org;nrdc;epa;
35411449;mothernaturenet;greenbiz;nrdc;
186056741;mothernaturenet;nature_org;nrdc;epa;
54188566;mothernaturenet;africanconserve;nrdc;
364087220;mothernaturenet;nrdc;epa;
1849416054;mothernaturenet;nature_org;greenpeace;
2196690289;greenbiz;nature_org;nrdc;
2225777731;mothernaturenet;nature_org;nrdc;greenpeace;
2155369680;mothernaturenet;nrdc;epa;
723920816;mothernaturenet;nrdc;epa;
59976537;mothernaturenet;africanconserve;nature_org;
2227200913;africanconserve;nature_org;nrdc;
131434750;nature_org;nrdc;greenpeace;epa;
425147670;mothernaturenet;landintegrity;nrdc;
319159313;mothernaturenet;greenbiz;nature_org;nrdc;
175816099;mothernaturenet;nature_org;nrdc;
56914215;nature_org;nrdc;greenpeace;
577292656;greenbiz;nature_org;epa;
924241866;mothernaturenet;nature_org;greenpeace;
2184838020;mothernaturenet;africanconserve;nrdc;
326152869;mothernaturenet;greenbiz;nature_org;nrdc;greenpeace;epa;
109666673;mothernaturenet;greenbiz;epa;
48649334;greenbiz;nature_org;nrdc;epa;
1559410687;nature_org;nrdc;epa;
2214494354;greenbiz;nature_org;nrdc;
907533602;mothernaturenet;nrdc;epa;
2223642788;mothernaturenet;nature_org;nrdc;
1662844057;mothernaturenet;nature_org;nrdc;
513882280;mothernaturenet;nature_org;nrdc;greenpeace;
1846643798;mothernaturenet;greenbiz;nrdc;
151174287;wwf;nature_org;greenpeace;
843922783;greenbiz;nature_org;nrdc;
2200769636;nature_org;nrdc;greenpeace;
48218209;nature_org;nrdc;greenpeace;epa;
596756614;mothernaturenet;greenbiz;epa;
2199990894;mothernaturenet;greenbiz;nrdc;epa;
2198721913;mothernaturenet;nrdc;epa;
385449280;mothernaturenet;nrdc;epa;
491397351;mothernaturenet;nature_org;nrdc;
2226802064;nature_org;greenpeace;epa;
451730904;mothernaturenet;nrdc;epa;
2203179080;mothernaturenet;nrdc;epa;
2172273117;mothernaturenet;nrdc;epa;
2234235932;mothernaturenet;nature_org;nrdc;
2232557786;nature_org;greenpeace;epa;
2220285685;mothernaturenet;nature_org;nrdc;epa;
584586835;nature_org;nrdc;greenpeace;
64466140;nature_org;nrdc;greenpeace;
1309606417;mothernaturenet;nature_org;nrdc;
1002391507;nature_org;nrdc;greenpeace;
2214400743;wwf;nature_org;nrdc;epa;
2192412284;mothernaturenet;greenbiz;nrdc;epa;
1483442208;mothernaturenet;nature_org;greenpeace;epa;
2200569830;mothernaturenet;nrdc;epa;
2230421964;nature_org;nrdc;greenpeace;
2225897449;mothernaturenet;nature_org;greenpeace;
34229015;mothernaturenet;nature_org;epa;
1647914396;greenbiz;nature_org;epa;
16731821;mothernaturenet;nature_org;nrdc;
65545745;greenbiz;nature_org;nrdc;epa;
324824096;mothernaturenet;greenbiz;nrdc;
89041904;mothernaturenet;nature_org;nrdc;
1337362472;mothernaturenet;nrdc;epa;
93393607;mothernaturenet;nature_org;greenpeace;
2197926546;mothernaturenet;greenbiz;nature_org;
1898222678;mothernaturenet;nrdc;epa;
1517035471;nature_org;nrdc;epa;
787691886;mothernaturenet;nrdc;epa;
2229334015;nature_org;nrdc;greenpeace;epa;
311763917;mothernaturenet;greenbiz;nrdc;epa;
601979592;nature_org;nrdc;greenpeace;
1880497321;nature_org;greenpeace;epa;
2229214951;nature_org;greenpeace;epa;
488708869;mothernaturenet;greenbiz;nature_org;nrdc;greenpeace;
341029842;mothernaturenet;nrdc;epa;
1613416974;mothernaturenet;nature_org;greenpeace;
1551495690;mothernaturenet;nature_org;greenpeace;epa;
1958341603;mothernaturenet;nrdc;epa;
386309661;mothernaturenet;nrdc;epa;
352301298;mothernaturenet;nrdc;epa;
1608115164;mothernaturenet;greenbiz;nrdc;
2160286321;mothernaturenet;greenbiz;nrdc;epa;
49280516;nature_org;nrdc;greenpeace;
321788034;wwf;greenpeace;epa;
2202533566;mothernaturenet;greenbiz;nature_org;nrdc;epa;
1491029383;nature_org;nrdc;epa;
2230779774;mothernaturenet;nature_org;greenpeace;
532121328;mothernaturenet;greenbiz;nrdc;
335273559;mothernaturenet;nature_org;nrdc;
50953016;mothernaturenet;greenbiz;nature_org;
1486164589;nature_org;nrdc;epa;
24272537;mothernaturenet;nrdc;epa;
364335354;mothernaturenet;nrdc;epa;
1961945630;nature_org;nrdc;greenpeace;
2215282964;mothernaturenet;nature_org;nrdc;
2206072131;nature_org;nrdc;epa;
2194746128;greenbiz;landintegrity;nrdc;epa;
606412878;mothernaturenet;greenbiz;nature_org;nrdc;epa;
346035565;mothernaturenet;greenbiz;nature_org;
2199361818;mothernaturenet;nrdc;epa;
1457692842;nature_org;greenpeace;epa;
2216421138;mothernaturenet;nature_org;nrdc;epa;
2230408260;nature_org;nrdc;greenpeace;epa;
2212567194;nature_org;greenpeace;epa;
154222494;nature_org;nrdc;epa;
928283149;nature_org;nrdc;epa;
2223359305;wwf;nature_org;greenpeace;
52097874;nature_org;nrdc;epa;
19827212;mothernaturenet;africanconserve;nrdc;
196322654;mothernaturenet;greenbiz;nrdc;epa;
734790320;wwf;nature_org;greenpeace;
2182453698;mothernaturenet;greenbiz;nrdc;
101968608;mothernaturenet;landintegrity;nrdc;
273208172;nature_org;greenpeace;epa;
507428435;mothernaturenet;greenbiz;epa;
2213672622;mothernaturenet;greenbiz;nature_org;nrdc;epa;
2192892668;nature_org;nrdc;epa;
385129045;mothernaturenet;nature_org;nrdc;
439819177;mothernaturenet;nature_org;nrdc;
993499454;mothernaturenet;greenbiz;nature_org;nrdc;
1365493844;nrdc;greenpeace;epa;
556858308;nature_org;nrdc;epa;
261889051;wwf;nature_org;nrdc;greenpeace;
48785718;greenbiz;nrdc;epa;
16099841;mothernaturenet;landintegrity;nrdc;
64847268;nature_org;nrdc;epa;
241384833;mothernaturenet;nature_org;nrdc;epa;
1577997175;mothernaturenet;greenbiz;landintegrity;epa;
604043401;mothernaturenet;nrdc;epa;
2225198143;mothernaturenet;nature_org;nrdc;
59489709;nature_org;nrdc;epa;
2227275836;nature_org;nrdc;epa;
2185776882;mothernaturenet;greenbiz;nrdc;
946216368;nature_org;greenpeace;epa;
1943514012;nature_org;nrdc;greenpeace;
1175166456;nature_org;nrdc;greenpeace;
288494312;mothernaturenet;greenbiz;nrdc;
92901950;mothernaturenet;greenbiz;nature_org;nrdc;
2232351619;mothernaturenet;nature_org;greenpeace;
833263358;mothernaturenet;nrdc;epa;
585071955;nature_org;nrdc;greenpeace;
266670145;africanconserve;nrdc;epa;
2227257337;nature_org;nrdc;epa;
1881556160;mothernaturenet;nrdc;epa;
2215852687;mothernaturenet;nature_org;nrdc;
2204440242;mothernaturenet;nrdc;epa;
2208274746;mothernaturenet;nature_org;greenpeace;
2210476812;nature_org;nrdc;epa;
21355451;mothernaturenet;nature_org;nrdc;greenpeace;epa;
53624903;nature_org;greenpeace;epa;
2233553594;nature_org;nrdc;greenpeace;
2205098352;mothernaturenet;nrdc;epa;
1915938835;mothernaturenet;africanconserve;nrdc;
395400344;mothernaturenet;africanconserve;nature_org;
2184981750;wwf;nature_org;greenpeace;
2218649989;mothernaturenet;greenbiz;nature_org;nrdc;
582754401;mothernaturenet;nature_org;nrdc;greenpeace;
2235067801;nature_org;nrdc;epa;
1593613574;wwf;nature_org;greenpeace;
1390675680;mothernaturenet;nature_org;nrdc;
2229135894;nature_org;greenpeace;epa;
2184926447;nature_org;nrdc;greenpeace;epa;
1548988063;mothernaturenet;greenbiz;nrdc;
408134909;mothernaturenet;nrdc;epa;
2178604662;mothernaturenet;nature_org;nrdc;
219139792;mothernaturenet;nature_org;nrdc;
721471978;mothernaturenet;nature_org;nrdc;
1258223574;mothernaturenet;greenbiz;nrdc;greenpeace;
919860212;mothernaturenet;nrdc;greenpeace;
1410284449;wwf;nature_org;greenpeace;
95516250;mothernaturenet;nature_org;greenpeace;
2210823102;wwf;nature_org;greenpeace;
323778627;mothernaturenet;nature_org;nrdc;
1269820080;mothernaturenet;greenbiz;nrdc;
1623231793;mothernaturenet;nature_org;greenpeace;epa;
2230681603;nature_org;nrdc;greenpeace;
1585873136;nature_org;nrdc;epa;
2218661796;mothernaturenet;greenbiz;nature_org;
869589486;greenbiz;nature_org;nrdc;greenpeace;
315466752;mothernaturenet;nature_org;nrdc;greenpeace;
2169971534;nature_org;nrdc;greenpeace;
2158896432;mothernaturenet;greenbiz;nrdc;greenpeace;epa;
272950817;nature_org;nrdc;epa;
2192829798;mothernaturenet;greenbiz;nrdc;
496997128;mothernaturenet;greenbiz;nrdc;
361673980;mothernaturenet;greenbiz;nrdc;epa;
2167864406;mothernaturenet;greenbiz;nrdc;greenpeace;
606895610;mothernaturenet;africanconserve;nrdc;
2216804252;mothernaturenet;greenbiz;nature_org;nrdc;epa;
2234868284;greenbiz;nature_org;nrdc;greenpeace;
19945672;mothernaturenet;nrdc;epa;
2223179688;mothernaturenet;nature_org;nrdc;epa;
2229325129;mothernaturenet;nature_org;nrdc;greenpeace;epa;
1092300301;mothernaturenet;nature_org;nrdc;epa;
2230618999;nature_org;greenpeace;epa;
274633477;wwf;nature_org;greenpeace;
166586661;mothernaturenet;greenbiz;nrdc;
1381222814;mothernaturenet;greenbiz;landintegrity;
1651468621;greenbiz;africanconserve;nrdc;epa;
997163293;greenbiz;nrdc;epa;
568702835;mothernaturenet;nrdc;epa;
1967304452;nature_org;greenpeace;epa;
7393742;mothernaturenet;nrdc;greenpeace;
1721364132;nature_org;nrdc;epa;
952781772;mothernaturenet;nature_org;epa;
464871646;mothernaturenet;nature_org;nrdc;
2191333515;mothernaturenet;nrdc;epa;
1713334148;mothernaturenet;greenbiz;nrdc;
1082108407;mothernaturenet;nrdc;epa;
881009388;nature_org;nrdc;greenpeace;epa;
2206220045;mothernaturenet;nature_org;nrdc;epa;
2166414678;mothernaturenet;greenbiz;nrdc;
2230281362;mothernaturenet;nature_org;greenpeace;
241946512;mothernaturenet;nature_org;nrdc;greenpeace;
2209154318;mothernaturenet;greenbiz;nrdc;epa;
775043305;mothernaturenet;greenbiz;nrdc;
306605402;mothernaturenet;nature_org;nrdc;epa;
1257853890;mothernaturenet;nature_org;greenpeace;
1475535403;mothernaturenet;nature_org;nrdc;epa;
313571364;nature_org;greenpeace;epa;
1551597458;mothernaturenet;nrdc;epa;
149784950;mothernaturenet;nrdc;epa;
148671865;mothernaturenet;greenbiz;nature_org;nrdc;greenpeace;
2197193276;mothernaturenet;nrdc;epa;
2187306338;mothernaturenet;greenbiz;africanconserve;landintegrity;nrdc;epa;
2226278570;greenbiz;nature_org;nrdc;
2192462226;landintegrity;nature_org;nrdc;greenpeace;epa;
2213822794;wwf;nature_org;greenpeace;
427098076;mothernaturenet;wwf;nature_org;nrdc;greenpeace;
558136684;mothernaturenet;nature_org;nrdc;
59973728;nature_org;nrdc;epa;
1552892502;mothernaturenet;greenbiz;nrdc;
2186056290;mothernaturenet;greenbiz;nrdc;
2193606229;africanconserve;nature_org;greenpeace;
1686811812;mothernaturenet;greenbiz;nrdc;
278287237;landintegrity;nature_org;nrdc;
37169245;mothernaturenet;nature_org;nrdc;
960719798;greenbiz;nature_org;nrdc;epa;
1545496292;mothernaturenet;greenbiz;nrdc;epa;
2151458671;mothernaturenet;greenbiz;nrdc;
776230771;wwf;nature_org;greenpeace;
1346829780;mothernaturenet;greenbiz;nrdc;
139219079;mothernaturenet;nature_org;nrdc;
2213045196;mothernaturenet;greenbiz;nature_org;nrdc;epa;
86954864;mothernaturenet;nature_org;nrdc;
1941508687;mothernaturenet;africanconserve;nrdc;
2177319209;mothernaturenet;nature_org;nrdc;greenpeace;
48040408;mothernaturenet;nature_org;nrdc;epa;
2204614477;mothernaturenet;nrdc;epa;
2194754532;mothernaturenet;greenbiz;nrdc;epa;
2211337292;mothernaturenet;greenbiz;nature_org;nrdc;epa;
2154441455;mothernaturenet;greenbiz;nrdc;
482578400;mothernaturenet;africanconserve;nrdc;
1381721233;greenbiz;nature_org;greenpeace;
2195659982;mothernaturenet;nrdc;epa;
1962933769;mothernaturenet;greenbiz;landintegrity;
30174391;mothernaturenet;greenbiz;nrdc;
341089857;greenbiz;nrdc;epa;
32340916;mothernaturenet;nrdc;epa;
1543366105;greenbiz;nature_org;nrdc;
1293432956;nature_org;nrdc;epa;
1268271379;mothernaturenet;greenbiz;nrdc;
332908512;nature_org;nrdc;greenpeace;
1704869124;mothernaturenet;greenbiz;nature_org;nrdc;epa;
116525613;mothernaturenet;nrdc;greenpeace;
1665768552;wwf;nature_org;greenpeace;
2229047934;mothernaturenet;nature_org;greenpeace;
337589588;nature_org;nrdc;greenpeace;
473482015;mothernaturenet;nrdc;epa;
1594719649;mothernaturenet;landintegrity;nrdc;
1603141260;mothernaturenet;nrdc;epa;
1883663852;mothernaturenet;nrdc;epa;
39135943;mothernaturenet;nature_org;nrdc;
785033;greenbiz;nature_org;nrdc;epa;
2214199775;mothernaturenet;wwf;nrdc;greenpeace;
1330532496;mothernaturenet;nature_org;nrdc;epa;
101646602;nrdc;greenpeace;epa;
115966675;mothernaturenet;greenbiz;nature_org;nrdc;
2204620541;nature_org;nrdc;greenpeace;
295253524;nature_org;nrdc;greenpeace;epa;
84660768;nature_org;nrdc;epa;
560842432;greenbiz;nrdc;epa;
401203948;mothernaturenet;nature_org;greenpeace;
1949806638;mothernaturenet;nature_org;nrdc;
322031738;mothernaturenet;greenbiz;nature_org;
615238999;wwf;nature_org;greenpeace;
263201906;mothernaturenet;greenbiz;nature_org;nrdc;
23947602;nature_org;nrdc;greenpeace;
2230264729;mothernaturenet;nature_org;nrdc;greenpeace;
2236544372;wwf;nature_org;greenpeace;
437818395;mothernaturenet;nrdc;epa;
409739632;mothernaturenet;greenbiz;epa;
2196561386;mothernaturenet;greenbiz;landintegrity;nrdc;epa;
632256317;mothernaturenet;nature_org;greenpeace;
2233479253;nature_org;nrdc;epa;
2222107760;mothernaturenet;nature_org;nrdc;epa;
1070887849;mothernaturenet;nature_org;nrdc;
1542094904;mothernaturenet;greenbiz;nature_org;nrdc;epa;
16653963;mothernaturenet;nature_org;nrdc;greenpeace;
123608215;mothernaturenet;nature_org;nrdc;
1726999423;mothernaturenet;africanconserve;nrdc;epa;
1495487005;mothernaturenet;nature_org;nrdc;epa;
1699068756;mothernaturenet;nrdc;epa;
477753631;greenbiz;nrdc;epa;
2219718576;nature_org;nrdc;greenpeace;epa;
2194640756;mothernaturenet;africanconserve;nrdc;
1958079936;greenbiz;nrdc;greenpeace;
1142816196;mothernaturenet;nrdc;epa;
1968192186;mothernaturenet;greenbiz;nrdc;epa;
216844925;mothernaturenet;nature_org;epa;
25625901;greenbiz;nature_org;nrdc;
277462910;mothernaturenet;nature_org;nrdc;epa;
2226556080;mothernaturenet;nature_org;nrdc;epa;
251748372;mothernaturenet;nature_org;nrdc;greenpeace;
2149546549;mothernaturenet;greenbiz;epa;
34908266;mothernaturenet;greenbiz;nrdc;
2190609678;mothernaturenet;greenbiz;nrdc;epa;
1071020760;mothernaturenet;greenbiz;wwf;nature_org;epa;
2178978392;mothernaturenet;greenbiz;nrdc;epa;
2181049266;mothernaturenet;landintegrity;nrdc;
2187226020;nature_org;nrdc;greenpeace;
2226401414;mothernaturenet;greenbiz;africanconserve;nature_org;nrdc;greenpeace;
2206144802;mothernaturenet;greenbiz;nrdc;epa;
2207998129;mothernaturenet;nature_org;nrdc;greenpeace;
17592349;mothernaturenet;greenbiz;epa;
1648690747;mothernaturenet;nature_org;nrdc;epa;
32160812;mothernaturenet;greenbiz;epa;
2194052798;mothernaturenet;nature_org;nrdc;
1040712012;mothernaturenet;nature_org;nrdc;
278121268;greenbiz;nature_org;nrdc;epa;
2221984850;nature_org;nrdc;epa;
2222881748;mothernaturenet;nature_org;nrdc;
2163349734;nature_org;greenpeace;epa;
2190896322;nature_org;nrdc;epa;
38527566;mothernaturenet;greenbiz;landintegrity;epa;
2225645250;mothernaturenet;nature_org;epa;
161799266;nature_org;greenpeace;epa;
56326635;mothernaturenet;nrdc;epa;
1405782607;mothernaturenet;nature_org;nrdc;epa;
2232441937;nature_org;nrdc;greenpeace;
621953060;nature_org;greenpeace;epa;
380571342;mothernaturenet;greenbiz;landintegrity;
191799525;nature_org;greenpeace;epa;
1651609820;mothernaturenet;greenbiz;nature_org;nrdc;greenpeace;
18750542;greenbiz;landintegrity;epa;
189185226;mothernaturenet;nrdc;epa;
1649332368;mothernaturenet;greenbiz;nrdc;
418797017;mothernaturenet;nature_org;nrdc;epa;
120620364;mothernaturenet;nature_org;nrdc;
2197263954;mothernaturenet;nature_org;nrdc;
1621002932;mothernaturenet;africanconserve;nrdc;
2178659270;mothernaturenet;greenbiz;nature_org;nrdc;
2177178573;nature_org;nrdc;greenpeace;
1331943169;nature_org;nrdc;greenpeace;
16527077;mothernaturenet;nature_org;nrdc;
152181496;mothernaturenet;nrdc;epa;
1598855894;mothernaturenet;greenbiz;nrdc;
2236672002;wwf;nature_org;greenpeace;
76518305;mothernaturenet;nrdc;epa;
2209200769;nature_org;nrdc;greenpeace;
367694191;mothernaturenet;greenbiz;nrdc;
2153240306;greenbiz;nature_org;nrdc;
2165493883;mothernaturenet;greenbiz;epa;
985250492;nature_org;greenpeace;epa;
2218814024;mothernaturenet;nature_org;nrdc;
170927978;mothernaturenet;nature_org;greenpeace;
774494659;mothernaturenet;greenbiz;nrdc;
467650205;wwf;nature_org;greenpeace;
1175616577;nature_org;greenpeace;epa;
1554578310;mothernaturenet;nature_org;nrdc;
2157407413;mothernaturenet;nature_org;nrdc;
2182870825;greenbiz;africanconserve;nrdc;
1512606024;mothernaturenet;africanconserve;nrdc;
2192755802;mothernaturenet;greenbiz;nrdc;epa;
2232475074;nature_org;nrdc;greenpeace;
1096853083;mothernaturenet;nrdc;epa;
1668658748;mothernaturenet;nature_org;nrdc;
54909104;greenbiz;greenpeace;epa;
2196357776;mothernaturenet;nrdc;epa;
908517445;mothernaturenet;nature_org;nrdc;
2203449506;mothernaturenet;nrdc;epa;
279054379;nature_org;nrdc;epa;
1850694175;mothernaturenet;nrdc;epa;
567501990;mothernaturenet;greenbiz;landintegrity;nrdc;
281422550;mothernaturenet;greenbiz;nrdc;epa;
785474310;nature_org;greenpeace;epa;
2173030009;mothernaturenet;africanconserve;nrdc;
607758655;nature_org;nrdc;epa;
2228971045;mothernaturenet;nature_org;greenpeace;
2221705825;nature_org;nrdc;epa;
1959747056;mothernaturenet;nrdc;epa;
2230679953;nature_org;nrdc;greenpeace;epa;
2215650524;nature_org;nrdc;epa;
2220144110;nature_org;nrdc;epa;
1924224000;mothernaturenet;greenbiz;nrdc;
28507777;africanconserve;landintegrity;epa;
1611027872;nature_org;nrdc;epa;
223197686;nature_org;nrdc;greenpeace;
2193553873;mothernaturenet;nrdc;epa;
2207488884;mothernaturenet;greenbiz;nature_org;greenpeace;
432523046;nature_org;nrdc;epa;
437982418;greenbiz;nature_org;nrdc;epa;
69663361;mothernaturenet;greenbiz;nrdc;
1092511891;mothernaturenet;wwf;nature_org;nrdc;greenpeace;epa;
2223395802;nature_org;nrdc;greenpeace;
2158603635;mothernaturenet;greenbiz;nrdc;
264011156;nature_org;nrdc;greenpeace;
2151979608;nature_org;nrdc;epa;
25803123;greenbiz;nature_org;nrdc;
2228840785;nature_org;nrdc;epa;
558466820;nature_org;nrdc;epa;
2175386228;mothernaturenet;greenbiz;nrdc;epa;
188891843;mothernaturenet;nature_org;nrdc;
595366073;mothernaturenet;nrdc;epa;
581082319;mothernaturenet;greenbiz;nrdc;
842535348;wwf;nature_org;greenpeace;
955885944;mothernaturenet;nature_org;nrdc;
2184816786;mothernaturenet;greenbiz;nrdc;
404404488;wwf;nature_org;greenpeace;
2213293596;mothernaturenet;greenbiz;epa;
95879215;mothernaturenet;greenbiz;nrdc;
118813244;nature_org;nrdc;greenpeace;
2228390966;mothernaturenet;greenbiz;africanconserve;nature_org;nrdc;epa;
2174993504;mothernaturenet;nrdc;epa;
816779492;mothernaturenet;greenbiz;nrdc;
1132169202;mothernaturenet;greenbiz;greenpeace;
1139865223;mothernaturenet;nrdc;epa;
2182317247;mothernaturenet;greenbiz;nrdc;epa;
