mothernaturenet;nrdc;epa;
mothernaturenet;nrdc;epa;
mothernaturenet;nature_org;nrdc;epa;
nature_org;nrdc;greenpeace;
mothernaturenet;greenbiz;nrdc;
mothernaturenet;nature_org;nrdc;greenpeace;epa;
mothernaturenet;greenbiz;nrdc;
mothernaturenet;nature_org;nrdc;
mothernaturenet;nature_org;nrdc;greenpeace;
nature_org;nrdc;epa;
mothernaturenet;greenbiz;nature_org;nrdc;
nature_org;nrdc;epa;
mothernaturenet;nature_org;nrdc;greenpeace;
mothernaturenet;nature_org;greenpeace;
nature_org;nrdc;epa;
mothernaturenet;nrdc;epa;
mothernaturenet;nrdc;epa;
mothernaturenet;nrdc;epa;
mothernaturenet;nrdc;epa;
mothernaturenet;greenbiz;nature_org;nrdc;
nature_org;nrdc;greenpeace;epa;
mothernaturenet;nature_org;nrdc;
mothernaturenet;nature_org;greenpeace;
mothernaturenet;nature_org;nrdc;
mothernaturenet;greenbiz;nrdc;
mothernaturenet;greenbiz;nrdc;
mothernaturenet;nrdc;epa;
mothernaturenet;nature_org;nrdc;
nature_org;greenpeace;epa;
mothernaturenet;nature_org;nrdc;greenpeace;
nrdc;greenpeace;epa;
mothernaturenet;greenbiz;nrdc;
nature_org;nrdc;epa;
greenbiz;nature_org;nrdc;
mothernaturenet;nrdc;epa;
mothernaturenet;greenbiz;nrdc;
greenbiz;nrdc;epa;
mothernaturenet;nature_org;nrdc;
nature_org;nrdc;greenpeace;epa;
mothernaturenet;nrdc;epa;
africanconserve;nrdc;epa;
mothernaturenet;nature_org;nrdc;
mothernaturenet;wwf;nature_org;greenpeace;
mothernaturenet;nrdc;epa;
mothernaturenet;nature_org;nrdc;greenpeace;
mothernaturenet;greenbiz;nature_org;nrdc;
africanconserve;nature_org;greenpeace;
mothernaturenet;nature_org;nrdc;epa;
mothernaturenet;greenbiz;nrdc;
wwf;nature_org;greenpeace;
wwf;nature_org;greenpeace;
mothernaturenet;africanconserve;nrdc;
mothernaturenet;nature_org;nrdc;
nature_org;nrdc;greenpeace;
mothernaturenet;nature_org;nrdc;
nature_org;nrdc;greenpeace;
mothernaturenet;nature_org;nrdc;
nature_org;nrdc;greenpeace;epa;
mothernaturenet;greenbiz;nrdc;
mothernaturenet;greenbiz;epa;
nature_org;nrdc;epa;
mothernaturenet;africanconserve;nature_org;nrdc;
mothernaturenet;greenbiz;nrdc;epa;
mothernaturenet;nature_org;nrdc;
nature_org;nrdc;epa;
mothernaturenet;greenbiz;landintegrity;
mothernaturenet;greenbiz;africanconserve;nrdc;
mothernaturenet;nature_org;nrdc;greenpeace;epa;
wwf;nature_org;greenpeace;
mothernaturenet;nature_org;nrdc;epa;
mothernaturenet;nature_org;nrdc;epa;
mothernaturenet;nature_org;nrdc;
nature_org;nrdc;epa;
wwf;nature_org;greenpeace;
nature_org;nrdc;epa;
africanconserve;nature_org;greenpeace;
mothernaturenet;greenbiz;nature_org;nrdc;greenpeace;
nature_org;nrdc;epa;
mothernaturenet;greenbiz;nrdc;
mothernaturenet;nature_org;greenpeace;
greenbiz;nrdc;epa;
nature_org;nrdc;epa;
nature_org;nrdc;greenpeace;
nature_org;nrdc;greenpeace;epa;
greenbiz;nature_org;nrdc;
nature_org;nrdc;epa;
mothernaturenet;africanconserve;nature_org;greenpeace;
greenbiz;nrdc;epa;
mothernaturenet;greenbiz;nature_org;
mothernaturenet;greenbiz;nature_org;
mothernaturenet;nature_org;nrdc;greenpeace;epa;
mothernaturenet;nrdc;epa;
mothernaturenet;greenbiz;nrdc;epa;
mothernaturenet;greenpeace;epa;
mothernaturenet;greenbiz;nrdc;
nature_org;nrdc;greenpeace;
wwf;nature_org;greenpeace;
mothernaturenet;nrdc;epa;
greenbiz;nature_org;greenpeace;
mothernaturenet;nature_org;nrdc;greenpeace;epa;
nature_org;nrdc;epa;
mothernaturenet;nrdc;epa;
nature_org;nrdc;epa;
mothernaturenet;nature_org;nrdc;epa;
mothernaturenet;nature_org;greenpeace;
nature_org;nrdc;greenpeace;
mothernaturenet;greenbiz;nrdc;
mothernaturenet;greenbiz;nrdc;
mothernaturenet;wwf;nature_org;greenpeace;
greenbiz;nrdc;epa;
mothernaturenet;greenbiz;nature_org;nrdc;greenpeace;
mothernaturenet;nature_org;nrdc;greenpeace;
mothernaturenet;nature_org;greenpeace;epa;
mothernaturenet;nrdc;epa;
mothernaturenet;greenbiz;nrdc;epa;
greenbiz;nrdc;epa;
nature_org;nrdc;epa;
mothernaturenet;nature_org;nrdc;
mothernaturenet;nature_org;nrdc;
mothernaturenet;nature_org;greenpeace;epa;
mothernaturenet;nature_org;nrdc;
mothernaturenet;nature_org;nrdc;
mothernaturenet;wwf;nature_org;greenpeace;
greenbiz;nature_org;nrdc;
mothernaturenet;nature_org;nrdc;epa;
greenbiz;nrdc;epa;
mothernaturenet;wwf;africanconserve;nature_org;nrdc;
mothernaturenet;nature_org;nrdc;greenpeace;
mothernaturenet;greenbiz;nrdc;
nature_org;nrdc;greenpeace;epa;
mothernaturenet;nrdc;epa;
africanconserve;nature_org;nrdc;
nature_org;nrdc;epa;
greenbiz;nature_org;nrdc;
mothernaturenet;nature_org;nrdc;greenpeace;epa;
mothernaturenet;greenbiz;nrdc;epa;
africanconserve;nature_org;greenpeace;
greenbiz;nature_org;epa;
mothernaturenet;greenbiz;nrdc;
nature_org;nrdc;epa;
mothernaturenet;nature_org;greenpeace;
mothernaturenet;greenbiz;nrdc;
mothernaturenet;nature_org;nrdc;
nature_org;nrdc;epa;
nature_org;greenpeace;epa;
mothernaturenet;greenbiz;nrdc;
wwf;greenpeace;epa;
nature_org;nrdc;epa;
mothernaturenet;nature_org;greenpeace;
mothernaturenet;nature_org;nrdc;greenpeace;
mothernaturenet;nature_org;nrdc;greenpeace;
mothernaturenet;nature_org;nrdc;
mothernaturenet;nrdc;epa;
mothernaturenet;greenbiz;nrdc;
nature_org;greenpeace;epa;
greenbiz;nrdc;epa;
greenbiz;nature_org;nrdc;
mothernaturenet;greenbiz;nrdc;
mothernaturenet;greenbiz;nature_org;nrdc;
mothernaturenet;nature_org;nrdc;epa;
nature_org;nrdc;greenpeace;
nature_org;nrdc;epa;
mothernaturenet;nature_org;nrdc;
mothernaturenet;greenbiz;nature_org;
nature_org;nrdc;epa;
nature_org;greenpeace;epa;
mothernaturenet;nrdc;epa;
mothernaturenet;nature_org;epa;
mothernaturenet;nature_org;nrdc;
mothernaturenet;nrdc;epa;
mothernaturenet;nature_org;nrdc;epa;
nature_org;nrdc;greenpeace;epa;
mothernaturenet;nature_org;nrdc;
wwf;nature_org;greenpeace;
mothernaturenet;nrdc;greenpeace;
greenbiz;landintegrity;nrdc;
mothernaturenet;nrdc;greenpeace;
mothernaturenet;nature_org;nrdc;greenpeace;
mothernaturenet;greenbiz;nrdc;
mothernaturenet;greenbiz;nrdc;
mothernaturenet;greenbiz;epa;
mothernaturenet;nrdc;epa;
mothernaturenet;greenbiz;nrdc;epa;
nature_org;nrdc;epa;
nature_org;nrdc;epa;
nature_org;nrdc;greenpeace;epa;
nature_org;nrdc;epa;
mothernaturenet;nrdc;epa;
mothernaturenet;nature_org;nrdc;
mothernaturenet;nature_org;epa;
nature_org;nrdc;greenpeace;
mothernaturenet;nature_org;nrdc;epa;
mothernaturenet;greenbiz;nrdc;epa;
greenbiz;nrdc;greenpeace;
wwf;nature_org;nrdc;greenpeace;epa;
mothernaturenet;nature_org;nrdc;
mothernaturenet;nrdc;epa;
mothernaturenet;nature_org;nrdc;
mothernaturenet;nature_org;nrdc;
mothernaturenet;greenbiz;nrdc;epa;
mothernaturenet;nature_org;greenpeace;
mothernaturenet;nrdc;epa;
mothernaturenet;nature_org;greenpeace;epa;
mothernaturenet;nature_org;nrdc;
mothernaturenet;africanconserve;nature_org;
mothernaturenet;nature_org;nrdc;
mothernaturenet;nature_org;nrdc;epa;
nature_org;greenpeace;epa;
nature_org;nrdc;epa;
greenbiz;nrdc;epa;
mothernaturenet;nature_org;nrdc;epa;
mothernaturenet;nrdc;greenpeace;
nature_org;nrdc;epa;
mothernaturenet;greenbiz;landintegrity;nrdc;
mothernaturenet;nrdc;epa;
mothernaturenet;greenbiz;nrdc;
mothernaturenet;nrdc;epa;
mothernaturenet;nature_org;epa;
mothernaturenet;greenbiz;nrdc;
mothernaturenet;nature_org;nrdc;
mothernaturenet;greenbiz;nrdc;greenpeace;
mothernaturenet;greenbiz;nrdc;
mothernaturenet;nature_org;nrdc;epa;
mothernaturenet;nature_org;nrdc;greenpeace;epa;
mothernaturenet;greenbiz;nrdc;epa;
mothernaturenet;nature_org;nrdc;
nature_org;nrdc;greenpeace;epa;
nature_org;nrdc;epa;
africanconserve;nature_org;nrdc;
nature_org;nrdc;greenpeace;
mothernaturenet;nature_org;nrdc;
mothernaturenet;greenbiz;landintegrity;nature_org;nrdc;
mothernaturenet;nature_org;nrdc;greenpeace;
greenbiz;nature_org;nrdc;
mothernaturenet;nature_org;nrdc;greenpeace;
wwf;nature_org;greenpeace;
mothernaturenet;greenbiz;nature_org;nrdc;greenpeace;
mothernaturenet;nrdc;epa;
greenbiz;nrdc;epa;
mothernaturenet;greenbiz;nature_org;greenpeace;
mothernaturenet;nature_org;nrdc;
greenbiz;wwf;nature_org;
mothernaturenet;greenbiz;nrdc;epa;
mothernaturenet;nature_org;nrdc;epa;
mothernaturenet;greenbiz;nrdc;
mothernaturenet;greenbiz;nrdc;
mothernaturenet;africanconserve;nrdc;
greenbiz;nrdc;epa;
mothernaturenet;nature_org;nrdc;
mothernaturenet;nature_org;nrdc;epa;
nature_org;nrdc;greenpeace;
mothernaturenet;greenbiz;nature_org;nrdc;greenpeace;epa;
mothernaturenet;greenbiz;nature_org;
mothernaturenet;greenbiz;nrdc;
mothernaturenet;nature_org;nrdc;
mothernaturenet;greenbiz;nrdc;epa;
mothernaturenet;nature_org;greenpeace;
greenbiz;nrdc;epa;
africanconserve;nature_org;nrdc;greenpeace;
mothernaturenet;nrdc;epa;
nature_org;nrdc;greenpeace;epa;
mothernaturenet;greenbiz;nrdc;epa;
mothernaturenet;greenbiz;nature_org;
nature_org;nrdc;greenpeace;epa;
mothernaturenet;nrdc;epa;
mothernaturenet;greenbiz;nrdc;
greenbiz;nature_org;epa;
greenbiz;nrdc;epa;
mothernaturenet;nrdc;epa;
nature_org;nrdc;epa;
mothernaturenet;greenbiz;nrdc;epa;
greenbiz;nature_org;nrdc;epa;
mothernaturenet;greenbiz;nrdc;
mothernaturenet;nature_org;nrdc;
mothernaturenet;greenbiz;nrdc;
greenbiz;nrdc;epa;
mothernaturenet;greenbiz;nrdc;epa;
mothernaturenet;greenbiz;nrdc;
mothernaturenet;nrdc;epa;
mothernaturenet;landintegrity;nature_org;
mothernaturenet;greenbiz;epa;
mothernaturenet;nrdc;epa;
nature_org;nrdc;greenpeace;
mothernaturenet;greenbiz;nrdc;
mothernaturenet;nrdc;epa;
mothernaturenet;greenbiz;nrdc;
mothernaturenet;africanconserve;nrdc;
mothernaturenet;greenbiz;nrdc;epa;
mothernaturenet;nature_org;nrdc;epa;
mothernaturenet;greenbiz;nature_org;nrdc;epa;
mothernaturenet;nature_org;nrdc;greenpeace;epa;
mothernaturenet;africanconserve;nrdc;
mothernaturenet;nature_org;nrdc;
mothernaturenet;nature_org;nrdc;
mothernaturenet;nrdc;epa;
mothernaturenet;greenbiz;nrdc;epa;
mothernaturenet;landintegrity;nature_org;nrdc;
mothernaturenet;greenbiz;africanconserve;nature_org;nrdc;
nature_org;nrdc;greenpeace;
mothernaturenet;nature_org;epa;
mothernaturenet;nature_org;nrdc;greenpeace;
mothernaturenet;greenbiz;nrdc;epa;
mothernaturenet;nature_org;nrdc;epa;
mothernaturenet;greenbiz;nrdc;
greenbiz;nature_org;epa;
mothernaturenet;greenbiz;nrdc;
nature_org;nrdc;greenpeace;
mothernaturenet;greenbiz;nrdc;epa;
mothernaturenet;africanconserve;nrdc;
mothernaturenet;greenbiz;nrdc;
mothernaturenet;nrdc;epa;
mothernaturenet;nrdc;epa;
mothernaturenet;greenbiz;nrdc;
nature_org;greenpeace;epa;
mothernaturenet;greenbiz;nature_org;nrdc;epa;
mothernaturenet;greenbiz;nrdc;epa;
mothernaturenet;nature_org;nrdc;
mothernaturenet;nature_org;nrdc;greenpeace;
nature_org;nrdc;epa;
mothernaturenet;greenbiz;nature_org;
mothernaturenet;nrdc;epa;
mothernaturenet;nature_org;nrdc;
mothernaturenet;nature_org;nrdc;epa;
mothernaturenet;greenbiz;nrdc;
mothernaturenet;greenbiz;nature_org;
mothernaturenet;nature_org;nrdc;
mothernaturenet;greenbiz;nrdc;
wwf;nature_org;greenpeace;
nature_org;nrdc;epa;
mothernaturenet;nature_org;nrdc;greenpeace;
mothernaturenet;nature_org;nrdc;
mothernaturenet;nrdc;epa;
mothernaturenet;greenbiz;nrdc;
mothernaturenet;greenbiz;nrdc;
nature_org;nrdc;epa;
mothernaturenet;nature_org;nrdc;greenpeace;
mothernaturenet;nrdc;epa;
mothernaturenet;nrdc;epa;
mothernaturenet;greenbiz;nrdc;
mothernaturenet;greenbiz;nrdc;
mothernaturenet;nature_org;nrdc;epa;
mothernaturenet;greenbiz;nature_org;greenpeace;
nature_org;nrdc;greenpeace;
mothernaturenet;greenbiz;nrdc;
nature_org;nrdc;epa;
nature_org;nrdc;greenpeace;epa;
wwf;nature_org;greenpeace;
mothernaturenet;greenbiz;nrdc;
nature_org;nrdc;epa;
mothernaturenet;greenbiz;nrdc;epa;
mothernaturenet;greenbiz;nature_org;
mothernaturenet;greenbiz;nrdc;
mothernaturenet;nature_org;nrdc;epa;
mothernaturenet;greenbiz;nature_org;nrdc;epa;
mothernaturenet;nature_org;epa;
mothernaturenet;nrdc;epa;
nature_org;nrdc;greenpeace;
greenbiz;landintegrity;epa;
mothernaturenet;nature_org;nrdc;
mothernaturenet;nature_org;nrdc;greenpeace;epa;
wwf;nature_org;greenpeace;
mothernaturenet;nature_org;greenpeace;
mothernaturenet;nrdc;epa;
nature_org;nrdc;greenpeace;
mothernaturenet;nature_org;nrdc;epa;
nature_org;nrdc;epa;
mothernaturenet;nrdc;epa;
mothernaturenet;nrdc;epa;
mothernaturenet;greenbiz;nature_org;nrdc;epa;
greenbiz;nrdc;greenpeace;
mothernaturenet;nrdc;epa;
mothernaturenet;greenbiz;epa;
nature_org;nrdc;greenpeace;
mothernaturenet;greenbiz;nrdc;epa;
mothernaturenet;nrdc;epa;
mothernaturenet;nature_org;nrdc;greenpeace;
mothernaturenet;nrdc;epa;
nature_org;nrdc;epa;
mothernaturenet;nrdc;epa;
greenbiz;nature_org;nrdc;greenpeace;epa;
mothernaturenet;greenbiz;nrdc;
mothernaturenet;nature_org;nrdc;greenpeace;
mothernaturenet;nature_org;nrdc;
nature_org;nrdc;greenpeace;
mothernaturenet;nrdc;epa;
nature_org;greenpeace;epa;
nature_org;nrdc;greenpeace;epa;
mothernaturenet;nature_org;nrdc;greenpeace;epa;
mothernaturenet;greenbiz;nrdc;
nature_org;nrdc;greenpeace;
mothernaturenet;nrdc;epa;
mothernaturenet;greenbiz;nature_org;nrdc;
mothernaturenet;nrdc;epa;
mothernaturenet;nature_org;nrdc;greenpeace;epa;
mothernaturenet;nrdc;epa;
nature_org;nrdc;epa;
mothernaturenet;nrdc;epa;
mothernaturenet;greenbiz;nature_org;nrdc;greenpeace;
nature_org;nrdc;greenpeace;
nature_org;greenpeace;epa;
mothernaturenet;greenbiz;nature_org;nrdc;epa;
mothernaturenet;nature_org;nrdc;
mothernaturenet;nrdc;epa;
mothernaturenet;nature_org;nrdc;epa;
mothernaturenet;nature_org;nrdc;
mothernaturenet;greenbiz;nrdc;
mothernaturenet;nature_org;epa;
greenbiz;nature_org;nrdc;epa;
mothernaturenet;nature_org;nrdc;
mothernaturenet;nature_org;greenpeace;
mothernaturenet;greenbiz;nature_org;nrdc;
mothernaturenet;nature_org;nrdc;
mothernaturenet;nrdc;epa;
mothernaturenet;nature_org;nrdc;greenpeace;
nature_org;nrdc;epa;
greenbiz;africanconserve;nrdc;epa;
nature_org;nrdc;epa;
mothernaturenet;greenbiz;nrdc;
mothernaturenet;nature_org;nrdc;epa;
mothernaturenet;nature_org;nrdc;
mothernaturenet;nature_org;nrdc;greenpeace;
mothernaturenet;africanconserve;nrdc;
nature_org;nrdc;greenpeace;
mothernaturenet;greenbiz;nrdc;
mothernaturenet;africanconserve;nrdc;epa;
nature_org;nrdc;epa;
mothernaturenet;greenbiz;nature_org;nrdc;
mothernaturenet;nature_org;nrdc;greenpeace;epa;
mothernaturenet;nrdc;epa;
mothernaturenet;greenbiz;epa;
nature_org;nrdc;epa;
nature_org;greenpeace;epa;
mothernaturenet;nature_org;nrdc;epa;
mothernaturenet;nature_org;nrdc;
mothernaturenet;nature_org;nrdc;
mothernaturenet;nature_org;nrdc;epa;
greenbiz;nrdc;epa;
mothernaturenet;nature_org;nrdc;greenpeace;
nature_org;nrdc;epa;
mothernaturenet;greenbiz;nrdc;
nature_org;nrdc;greenpeace;
mothernaturenet;greenbiz;nrdc;
greenbiz;nrdc;epa;
nature_org;nrdc;greenpeace;
greenbiz;nrdc;epa;
greenbiz;nature_org;greenpeace;epa;
mothernaturenet;nature_org;nrdc;epa;
mothernaturenet;nrdc;epa;
mothernaturenet;nrdc;epa;
greenbiz;nature_org;nrdc;
nature_org;nrdc;greenpeace;epa;
mothernaturenet;nature_org;nrdc;epa;
mothernaturenet;greenbiz;nrdc;
africanconserve;nature_org;nrdc;
mothernaturenet;greenbiz;nrdc;
mothernaturenet;nrdc;epa;
mothernaturenet;greenbiz;nrdc;
mothernaturenet;nature_org;nrdc;greenpeace;
africanconserve;landintegrity;nrdc;epa;
mothernaturenet;greenbiz;nrdc;
greenbiz;nrdc;epa;
nature_org;nrdc;greenpeace;epa;
nature_org;nrdc;greenpeace;
mothernaturenet;nature_org;nrdc;
mothernaturenet;greenbiz;nrdc;epa;
nature_org;greenpeace;epa;
nature_org;nrdc;epa;
mothernaturenet;nature_org;greenpeace;
mothernaturenet;nature_org;nrdc;greenpeace;
mothernaturenet;greenbiz;epa;
mothernaturenet;nrdc;epa;
mothernaturenet;nature_org;nrdc;epa;
nature_org;greenpeace;epa;
mothernaturenet;greenbiz;nrdc;
mothernaturenet;greenbiz;landintegrity;nature_org;
nrdc;greenpeace;epa;
mothernaturenet;greenbiz;nrdc;
mothernaturenet;nature_org;nrdc;
greenbiz;nature_org;nrdc;greenpeace;
mothernaturenet;greenbiz;africanconserve;
nature_org;nrdc;epa;
mothernaturenet;nrdc;epa;
nature_org;nrdc;epa;
mothernaturenet;nrdc;epa;
mothernaturenet;nature_org;greenpeace;
nature_org;nrdc;epa;
mothernaturenet;wwf;nature_org;greenpeace;
mothernaturenet;greenbiz;nrdc;
mothernaturenet;africanconserve;nrdc;
mothernaturenet;greenbiz;epa;
mothernaturenet;greenbiz;nrdc;epa;
nature_org;nrdc;greenpeace;epa;
mothernaturenet;greenbiz;nrdc;
mothernaturenet;greenbiz;nrdc;epa;
mothernaturenet;nature_org;nrdc;epa;
mothernaturenet;nrdc;epa;
wwf;nature_org;greenpeace;
mothernaturenet;nature_org;greenpeace;
nature_org;nrdc;epa;
mothernaturenet;greenbiz;nrdc;
landintegrity;nrdc;epa;
mothernaturenet;nrdc;epa;
mothernaturenet;greenbiz;nrdc;
greenbiz;nrdc;epa;
mothernaturenet;nature_org;nrdc;greenpeace;
africanconserve;greenpeace;epa;
mothernaturenet;nature_org;nrdc;
mothernaturenet;greenbiz;nrdc;
mothernaturenet;nature_org;nrdc;
mothernaturenet;greenbiz;nature_org;nrdc;epa;
mothernaturenet;greenbiz;nature_org;nrdc;
nature_org;nrdc;greenpeace;
mothernaturenet;nature_org;nrdc;
mothernaturenet;nature_org;epa;
wwf;greenpeace;epa;
nature_org;nrdc;epa;
nature_org;nrdc;epa;
mothernaturenet;africanconserve;nature_org;nrdc;greenpeace;
mothernaturenet;nature_org;nrdc;epa;
mothernaturenet;nature_org;nrdc;
mothernaturenet;nrdc;epa;
mothernaturenet;nature_org;nrdc;epa;
mothernaturenet;greenbiz;epa;
mothernaturenet;greenbiz;nrdc;
mothernaturenet;nrdc;epa;
nature_org;nrdc;greenpeace;epa;
mothernaturenet;nature_org;nrdc;
mothernaturenet;greenbiz;nrdc;
wwf;nature_org;greenpeace;
mothernaturenet;landintegrity;nrdc;
mothernaturenet;greenbiz;landintegrity;nrdc;epa;
mothernaturenet;greenbiz;nrdc;
greenbiz;landintegrity;nrdc;
nature_org;nrdc;greenpeace;
mothernaturenet;greenbiz;nrdc;
mothernaturenet;nature_org;nrdc;
wwf;nature_org;greenpeace;
mothernaturenet;nature_org;nrdc;
mothernaturenet;nature_org;nrdc;
mothernaturenet;nature_org;nrdc;
greenbiz;africanconserve;nrdc;
mothernaturenet;nature_org;nrdc;epa;
nature_org;nrdc;greenpeace;epa;
mothernaturenet;greenbiz;nrdc;
mothernaturenet;greenbiz;nrdc;
mothernaturenet;greenbiz;nrdc;
mothernaturenet;nature_org;epa;
nature_org;nrdc;epa;
mothernaturenet;greenbiz;nrdc;
mothernaturenet;nature_org;nrdc;epa;
mothernaturenet;africanconserve;nrdc;
mothernaturenet;nrdc;epa;
mothernaturenet;nature_org;greenpeace;
greenbiz;nature_org;nrdc;
mothernaturenet;nature_org;nrdc;greenpeace;
mothernaturenet;nrdc;epa;
mothernaturenet;nrdc;epa;
mothernaturenet;africanconserve;nature_org;
africanconserve;nature_org;nrdc;
nature_org;nrdc;greenpeace;epa;
mothernaturenet;landintegrity;nrdc;
mothernaturenet;greenbiz;nature_org;nrdc;
mothernaturenet;nature_org;nrdc;
nature_org;nrdc;greenpeace;
greenbiz;nature_org;epa;
mothernaturenet;nature_org;greenpeace;
mothernaturenet;africanconserve;nrdc;
mothernaturenet;greenbiz;nature_org;nrdc;greenpeace;epa;
mothernaturenet;greenbiz;epa;
greenbiz;nature_org;nrdc;epa;
nature_org;nrdc;epa;
greenbiz;nature_org;nrdc;
mothernaturenet;nrdc;epa;
mothernaturenet;nature_org;nrdc;
mothernaturenet;nature_org;nrdc;
mothernaturenet;nature_org;nrdc;greenpeace;
mothernaturenet;greenbiz;nrdc;
wwf;nature_org;greenpeace;
greenbiz;nature_org;nrdc;
nature_org;nrdc;greenpeace;
nature_org;nrdc;greenpeace;epa;
mothernaturenet;greenbiz;epa;
mothernaturenet;greenbiz;nrdc;epa;
mothernaturenet;nrdc;epa;
mothernaturenet;nrdc;epa;
mothernaturenet;nature_org;nrdc;
nature_org;greenpeace;epa;
mothernaturenet;nrdc;epa;
mothernaturenet;nrdc;epa;
mothernaturenet;nrdc;epa;
mothernaturenet;nature_org;nrdc;
nature_org;greenpeace;epa;
mothernaturenet;nature_org;nrdc;epa;
nature_org;nrdc;greenpeace;
nature_org;nrdc;greenpeace;
mothernaturenet;nature_org;nrdc;
nature_org;nrdc;greenpeace;
wwf;nature_org;nrdc;epa;
mothernaturenet;greenbiz;nrdc;epa;
mothernaturenet;nature_org;greenpeace;epa;
mothernaturenet;nrdc;epa;
nature_org;nrdc;greenpeace;
mothernaturenet;nature_org;greenpeace;
mothernaturenet;nature_org;epa;
greenbiz;nature_org;epa;
mothernaturenet;nature_org;nrdc;
greenbiz;nature_org;nrdc;epa;
mothernaturenet;greenbiz;nrdc;
mothernaturenet;nature_org;nrdc;
mothernaturenet;nrdc;epa;
mothernaturenet;nature_org;greenpeace;
mothernaturenet;greenbiz;nature_org;
mothernaturenet;nrdc;epa;
nature_org;nrdc;epa;
mothernaturenet;nrdc;epa;
nature_org;nrdc;greenpeace;epa;
mothernaturenet;greenbiz;nrdc;epa;
nature_org;nrdc;greenpeace;
nature_org;greenpeace;epa;
nature_org;greenpeace;epa;
mothernaturenet;greenbiz;nature_org;nrdc;greenpeace;
mothernaturenet;nrdc;epa;
mothernaturenet;nature_org;greenpeace;
mothernaturenet;nature_org;greenpeace;epa;
mothernaturenet;nrdc;epa;
mothernaturenet;nrdc;epa;
mothernaturenet;nrdc;epa;
mothernaturenet;greenbiz;nrdc;
mothernaturenet;greenbiz;nrdc;epa;
nature_org;nrdc;greenpeace;
wwf;greenpeace;epa;
mothernaturenet;greenbiz;nature_org;nrdc;epa;
nature_org;nrdc;epa;
mothernaturenet;nature_org;greenpeace;
mothernaturenet;greenbiz;nrdc;
mothernaturenet;nature_org;nrdc;
mothernaturenet;greenbiz;nature_org;
nature_org;nrdc;epa;
mothernaturenet;nrdc;epa;
mothernaturenet;nrdc;epa;
nature_org;nrdc;greenpeace;
mothernaturenet;nature_org;nrdc;
nature_org;nrdc;epa;
greenbiz;landintegrity;nrdc;epa;
mothernaturenet;greenbiz;nature_org;nrdc;epa;
mothernaturenet;greenbiz;nature_org;
mothernaturenet;nrdc;epa;
nature_org;greenpeace;epa;
mothernaturenet;nature_org;nrdc;epa;
nature_org;nrdc;greenpeace;epa;
nature_org;greenpeace;epa;
nature_org;nrdc;epa;
nature_org;nrdc;epa;
wwf;nature_org;greenpeace;
nature_org;nrdc;epa;
mothernaturenet;africanconserve;nrdc;
mothernaturenet;greenbiz;nrdc;epa;
wwf;nature_org;greenpeace;
mothernaturenet;greenbiz;nrdc;
mothernaturenet;landintegrity;nrdc;
nature_org;greenpeace;epa;
mothernaturenet;greenbiz;epa;
mothernaturenet;greenbiz;nature_org;nrdc;epa;
nature_org;nrdc;epa;
mothernaturenet;nature_org;nrdc;
mothernaturenet;nature_org;nrdc;
mothernaturenet;greenbiz;nature_org;nrdc;
nrdc;greenpeace;epa;
nature_org;nrdc;epa;
wwf;nature_org;nrdc;greenpeace;
greenbiz;nrdc;epa;
mothernaturenet;landintegrity;nrdc;
nature_org;nrdc;epa;
mothernaturenet;nature_org;nrdc;epa;
mothernaturenet;greenbiz;landintegrity;epa;
mothernaturenet;nrdc;epa;
mothernaturenet;nature_org;nrdc;
nature_org;nrdc;epa;
nature_org;nrdc;epa;
mothernaturenet;greenbiz;nrdc;
nature_org;greenpeace;epa;
nature_org;nrdc;greenpeace;
nature_org;nrdc;greenpeace;
mothernaturenet;greenbiz;nrdc;
mothernaturenet;greenbiz;nature_org;nrdc;
mothernaturenet;nature_org;greenpeace;
mothernaturenet;nrdc;epa;
nature_org;nrdc;greenpeace;
africanconserve;nrdc;epa;
nature_org;nrdc;epa;
mothernaturenet;nrdc;epa;
mothernaturenet;nature_org;nrdc;
mothernaturenet;nrdc;epa;
mothernaturenet;nature_org;greenpeace;
nature_org;nrdc;epa;
mothernaturenet;nature_org;nrdc;greenpeace;epa;
nature_org;greenpeace;epa;
nature_org;nrdc;greenpeace;
mothernaturenet;nrdc;epa;
mothernaturenet;africanconserve;nrdc;
mothernaturenet;africanconserve;nature_org;
wwf;nature_org;greenpeace;
mothernaturenet;greenbiz;nature_org;nrdc;
mothernaturenet;nature_org;nrdc;greenpeace;
nature_org;nrdc;epa;
wwf;nature_org;greenpeace;
mothernaturenet;nature_org;nrdc;
nature_org;greenpeace;epa;
nature_org;nrdc;greenpeace;epa;
mothernaturenet;greenbiz;nrdc;
mothernaturenet;nrdc;epa;
mothernaturenet;nature_org;nrdc;
mothernaturenet;nature_org;nrdc;
mothernaturenet;nature_org;nrdc;
mothernaturenet;greenbiz;nrdc;greenpeace;
mothernaturenet;nrdc;greenpeace;
wwf;nature_org;greenpeace;
mothernaturenet;nature_org;greenpeace;
wwf;nature_org;greenpeace;
mothernaturenet;nature_org;nrdc;
mothernaturenet;greenbiz;nrdc;
mothernaturenet;nature_org;greenpeace;epa;
nature_org;nrdc;greenpeace;
nature_org;nrdc;epa;
mothernaturenet;greenbiz;nature_org;
greenbiz;nature_org;nrdc;greenpeace;
mothernaturenet;nature_org;nrdc;greenpeace;
nature_org;nrdc;greenpeace;
mothernaturenet;greenbiz;nrdc;greenpeace;epa;
nature_org;nrdc;epa;
mothernaturenet;greenbiz;nrdc;
mothernaturenet;greenbiz;nrdc;
mothernaturenet;greenbiz;nrdc;epa;
mothernaturenet;greenbiz;nrdc;greenpeace;
mothernaturenet;africanconserve;nrdc;
mothernaturenet;greenbiz;nature_org;nrdc;epa;
greenbiz;nature_org;nrdc;greenpeace;
mothernaturenet;nrdc;epa;
mothernaturenet;nature_org;nrdc;epa;
mothernaturenet;nature_org;nrdc;greenpeace;epa;
mothernaturenet;nature_org;nrdc;epa;
nature_org;greenpeace;epa;
wwf;nature_org;greenpeace;
mothernaturenet;greenbiz;nrdc;
mothernaturenet;greenbiz;landintegrity;
greenbiz;africanconserve;nrdc;epa;
greenbiz;nrdc;epa;
mothernaturenet;nrdc;epa;
nature_org;greenpeace;epa;
mothernaturenet;nrdc;greenpeace;
nature_org;nrdc;epa;
mothernaturenet;nature_org;epa;
mothernaturenet;nature_org;nrdc;
mothernaturenet;nrdc;epa;
mothernaturenet;greenbiz;nrdc;
mothernaturenet;nrdc;epa;
nature_org;nrdc;greenpeace;epa;
mothernaturenet;nature_org;nrdc;epa;
mothernaturenet;greenbiz;nrdc;
mothernaturenet;nature_org;greenpeace;
mothernaturenet;nature_org;nrdc;greenpeace;
mothernaturenet;greenbiz;nrdc;epa;
mothernaturenet;greenbiz;nrdc;
mothernaturenet;nature_org;nrdc;epa;
mothernaturenet;nature_org;greenpeace;
mothernaturenet;nature_org;nrdc;epa;
nature_org;greenpeace;epa;
mothernaturenet;nrdc;epa;
mothernaturenet;nrdc;epa;
mothernaturenet;greenbiz;nature_org;nrdc;greenpeace;
mothernaturenet;nrdc;epa;
mothernaturenet;greenbiz;africanconserve;landintegrity;nrdc;epa;
greenbiz;nature_org;nrdc;
landintegrity;nature_org;nrdc;greenpeace;epa;
wwf;nature_org;greenpeace;
mothernaturenet;wwf;nature_org;nrdc;greenpeace;
mothernaturenet;nature_org;nrdc;
nature_org;nrdc;epa;
mothernaturenet;greenbiz;nrdc;
mothernaturenet;greenbiz;nrdc;
africanconserve;nature_org;greenpeace;
mothernaturenet;greenbiz;nrdc;
landintegrity;nature_org;nrdc;
mothernaturenet;nature_org;nrdc;
greenbiz;nature_org;nrdc;epa;
mothernaturenet;greenbiz;nrdc;epa;
mothernaturenet;greenbiz;nrdc;
wwf;nature_org;greenpeace;
mothernaturenet;greenbiz;nrdc;
mothernaturenet;nature_org;nrdc;
mothernaturenet;greenbiz;nature_org;nrdc;epa;
mothernaturenet;nature_org;nrdc;
mothernaturenet;africanconserve;nrdc;
mothernaturenet;nature_org;nrdc;greenpeace;
mothernaturenet;nature_org;nrdc;epa;
mothernaturenet;nrdc;epa;
mothernaturenet;greenbiz;nrdc;epa;
mothernaturenet;greenbiz;nature_org;nrdc;epa;
mothernaturenet;greenbiz;nrdc;
mothernaturenet;africanconserve;nrdc;
greenbiz;nature_org;greenpeace;
mothernaturenet;nrdc;epa;
mothernaturenet;greenbiz;landintegrity;
mothernaturenet;greenbiz;nrdc;
greenbiz;nrdc;epa;
mothernaturenet;nrdc;epa;
greenbiz;nature_org;nrdc;
nature_org;nrdc;epa;
mothernaturenet;greenbiz;nrdc;
nature_org;nrdc;greenpeace;
mothernaturenet;greenbiz;nature_org;nrdc;epa;
mothernaturenet;nrdc;greenpeace;
wwf;nature_org;greenpeace;
mothernaturenet;nature_org;greenpeace;
nature_org;nrdc;greenpeace;
mothernaturenet;nrdc;epa;
mothernaturenet;landintegrity;nrdc;
mothernaturenet;nrdc;epa;
mothernaturenet;nrdc;epa;
mothernaturenet;nature_org;nrdc;
greenbiz;nature_org;nrdc;epa;
mothernaturenet;wwf;nrdc;greenpeace;
mothernaturenet;nature_org;nrdc;epa;
nrdc;greenpeace;epa;
mothernaturenet;greenbiz;nature_org;nrdc;
nature_org;nrdc;greenpeace;
nature_org;nrdc;greenpeace;epa;
nature_org;nrdc;epa;
greenbiz;nrdc;epa;
mothernaturenet;nature_org;greenpeace;
mothernaturenet;nature_org;nrdc;
mothernaturenet;greenbiz;nature_org;
wwf;nature_org;greenpeace;
mothernaturenet;greenbiz;nature_org;nrdc;
nature_org;nrdc;greenpeace;
mothernaturenet;nature_org;nrdc;greenpeace;
wwf;nature_org;greenpeace;
mothernaturenet;nrdc;epa;
mothernaturenet;greenbiz;epa;
mothernaturenet;greenbiz;landintegrity;nrdc;epa;
mothernaturenet;nature_org;greenpeace;
nature_org;nrdc;epa;
mothernaturenet;nature_org;nrdc;epa;
mothernaturenet;nature_org;nrdc;
mothernaturenet;greenbiz;nature_org;nrdc;epa;
mothernaturenet;nature_org;nrdc;greenpeace;
mothernaturenet;nature_org;nrdc;
mothernaturenet;africanconserve;nrdc;epa;
mothernaturenet;nature_org;nrdc;epa;
mothernaturenet;nrdc;epa;
greenbiz;nrdc;epa;
nature_org;nrdc;greenpeace;epa;
mothernaturenet;africanconserve;nrdc;
greenbiz;nrdc;greenpeace;
mothernaturenet;nrdc;epa;
mothernaturenet;greenbiz;nrdc;epa;
mothernaturenet;nature_org;epa;
greenbiz;nature_org;nrdc;
mothernaturenet;nature_org;nrdc;epa;
mothernaturenet;nature_org;nrdc;epa;
mothernaturenet;nature_org;nrdc;greenpeace;
mothernaturenet;greenbiz;epa;
mothernaturenet;greenbiz;nrdc;
mothernaturenet;greenbiz;nrdc;epa;
mothernaturenet;greenbiz;wwf;nature_org;epa;
mothernaturenet;greenbiz;nrdc;epa;
mothernaturenet;landintegrity;nrdc;
nature_org;nrdc;greenpeace;
mothernaturenet;greenbiz;africanconserve;nature_org;nrdc;greenpeace;
mothernaturenet;greenbiz;nrdc;epa;
mothernaturenet;nature_org;nrdc;greenpeace;
mothernaturenet;greenbiz;epa;
mothernaturenet;nature_org;nrdc;epa;
mothernaturenet;greenbiz;epa;
mothernaturenet;nature_org;nrdc;
mothernaturenet;nature_org;nrdc;
greenbiz;nature_org;nrdc;epa;
nature_org;nrdc;epa;
mothernaturenet;nature_org;nrdc;
nature_org;greenpeace;epa;
nature_org;nrdc;epa;
mothernaturenet;greenbiz;landintegrity;epa;
mothernaturenet;nature_org;epa;
nature_org;greenpeace;epa;
mothernaturenet;nrdc;epa;
mothernaturenet;nature_org;nrdc;epa;
nature_org;nrdc;greenpeace;
nature_org;greenpeace;epa;
mothernaturenet;greenbiz;landintegrity;
nature_org;greenpeace;epa;
mothernaturenet;greenbiz;nature_org;nrdc;greenpeace;
greenbiz;landintegrity;epa;
mothernaturenet;nrdc;epa;
mothernaturenet;greenbiz;nrdc;
mothernaturenet;nature_org;nrdc;epa;
mothernaturenet;nature_org;nrdc;
mothernaturenet;nature_org;nrdc;
mothernaturenet;africanconserve;nrdc;
mothernaturenet;greenbiz;nature_org;nrdc;
nature_org;nrdc;greenpeace;
nature_org;nrdc;greenpeace;
mothernaturenet;nature_org;nrdc;
mothernaturenet;nrdc;epa;
mothernaturenet;greenbiz;nrdc;
wwf;nature_org;greenpeace;
mothernaturenet;nrdc;epa;
nature_org;nrdc;greenpeace;
mothernaturenet;greenbiz;nrdc;
greenbiz;nature_org;nrdc;
mothernaturenet;greenbiz;epa;
nature_org;greenpeace;epa;
mothernaturenet;nature_org;nrdc;
mothernaturenet;nature_org;greenpeace;
mothernaturenet;greenbiz;nrdc;
wwf;nature_org;greenpeace;
nature_org;greenpeace;epa;
mothernaturenet;nature_org;nrdc;
mothernaturenet;nature_org;nrdc;
greenbiz;africanconserve;nrdc;
mothernaturenet;africanconserve;nrdc;
mothernaturenet;greenbiz;nrdc;epa;
nature_org;nrdc;greenpeace;
mothernaturenet;nrdc;epa;
mothernaturenet;nature_org;nrdc;
greenbiz;greenpeace;epa;
mothernaturenet;nrdc;epa;
mothernaturenet;nature_org;nrdc;
mothernaturenet;nrdc;epa;
nature_org;nrdc;epa;
mothernaturenet;nrdc;epa;
mothernaturenet;greenbiz;landintegrity;nrdc;
mothernaturenet;greenbiz;nrdc;epa;
nature_org;greenpeace;epa;
mothernaturenet;africanconserve;nrdc;
nature_org;nrdc;epa;
mothernaturenet;nature_org;greenpeace;
nature_org;nrdc;epa;
mothernaturenet;nrdc;epa;
nature_org;nrdc;greenpeace;epa;
nature_org;nrdc;epa;
nature_org;nrdc;epa;
mothernaturenet;greenbiz;nrdc;
africanconserve;landintegrity;epa;
nature_org;nrdc;epa;
nature_org;nrdc;greenpeace;
mothernaturenet;nrdc;epa;
mothernaturenet;greenbiz;nature_org;greenpeace;
nature_org;nrdc;epa;
greenbiz;nature_org;nrdc;epa;
mothernaturenet;greenbiz;nrdc;
mothernaturenet;wwf;nature_org;nrdc;greenpeace;epa;
nature_org;nrdc;greenpeace;
mothernaturenet;greenbiz;nrdc;
nature_org;nrdc;greenpeace;
nature_org;nrdc;epa;
greenbiz;nature_org;nrdc;
nature_org;nrdc;epa;
nature_org;nrdc;epa;
mothernaturenet;greenbiz;nrdc;epa;
mothernaturenet;nature_org;nrdc;
mothernaturenet;nrdc;epa;
mothernaturenet;greenbiz;nrdc;
wwf;nature_org;greenpeace;
mothernaturenet;nature_org;nrdc;
mothernaturenet;greenbiz;nrdc;
wwf;nature_org;greenpeace;
mothernaturenet;greenbiz;epa;
mothernaturenet;greenbiz;nrdc;
nature_org;nrdc;greenpeace;
mothernaturenet;greenbiz;africanconserve;nature_org;nrdc;epa;
mothernaturenet;nrdc;epa;
mothernaturenet;greenbiz;nrdc;
mothernaturenet;greenbiz;greenpeace;
mothernaturenet;nrdc;epa;
mothernaturenet;greenbiz;nrdc;epa;
